phc_id,medicine_name,current_stock,daily_consumption,minimum_safety_stock,expiry_date,incoming_shipment_qty,incoming_shipment_eta_days
PHC-001,IV Fluids,2425,192,1344,2027-05-29,0,0
PHC-001,Amoxicillin,830,89,623,2027-01-11,0,0
PHC-001,Insulin,771,64,448,2027-06-26,0,0
PHC-001,Antiseptic Solution,860,65,455,2026-10-21,0,0
PHC-001,Cough Syrup,749,62,434,2027-06-06,0,0
PHC-002,Paracetamol,439,158,1106,2027-07-02,0,0
PHC-002,Cough Syrup,1492,122,854,2027-03-16,0,0
PHC-002,Iron Tablets,1306,102,714,2027-02-04,0,0
PHC-002,Amoxicillin,2044,179,1253,2026-10-18,0,0
PHC-002,Antiseptic Solution,908,73,511,2027-02-10,0,0
PHC-002,Insulin,489,61,427,2026-11-27,0,0
PHC-002,ORS,309,234,1638,2027-05-06,5382,10
PHC-003,Paracetamol,989,67,469,2027-02-11,0,0
PHC-003,Cough Syrup,1736,139,973,2027-04-14,0,0
PHC-003,ORS,1929,187,1309,2026-10-06,0,0
PHC-003,Insulin,1117,79,553,2027-02-02,0,0
PHC-003,Amoxicillin,1146,95,665,2027-02-04,0,0
PHC-003,IV Fluids,516,59,413,2027-05-02,0,0
PHC-004,Cough Syrup,709,71,497,2027-08-12,0,0
PHC-004,Insulin,1168,135,945,2027-01-20,0,0
PHC-004,IV Fluids,1234,129,903,2027-01-01,0,0
PHC-004,Antiseptic Solution,710,87,609,2027-01-25,0,0
PHC-004,ORS,2099,171,1197,2026-10-29,0,0
PHC-004,Amoxicillin,1809,166,1162,2027-08-10,0,0
PHC-004,Iron Tablets,1844,197,1379,2027-04-06,0,0
PHC-004,Paracetamol,1900,176,1232,2026-12-06,0,0
PHC-005,Cough Syrup,1152,89,623,2026-10-24,0,0
PHC-005,Iron Tablets,1693,156,1092,2027-06-26,0,0
PHC-005,Paracetamol,1843,169,1183,2027-01-05,0,0
PHC-005,ORS,1684,157,1099,2027-07-18,0,0
PHC-005,IV Fluids,769,55,385,2027-07-13,0,0
PHC-005,Antiseptic Solution,1666,147,1029,2027-03-21,0,0
PHC-005,Insulin,1672,126,882,2027-04-24,0,0
PHC-006,Amoxicillin,2839,194,1358,2027-05-18,0,0
PHC-006,ORS,582,230,1610,2026-12-16,2990,4
PHC-006,IV Fluids,313,258,1806,2026-10-05,7224,8
PHC-006,Insulin,2203,151,1057,2027-01-01,0,0
PHC-006,Paracetamol,301,138,966,2027-08-09,0,0
PHC-007,Antiseptic Solution,1090,104,728,2027-02-01,0,0
PHC-007,IV Fluids,1364,137,959,2027-07-24,0,0
PHC-007,Amoxicillin,1426,120,840,2027-06-13,0,0
PHC-007,ORS,842,98,686,2027-04-18,0,0
PHC-007,Insulin,2080,175,1225,2027-01-23,0,0
PHC-008,Iron Tablets,1022,82,574,2027-05-31,0,0
PHC-008,Paracetamol,1072,76,532,2027-07-12,0,0
PHC-008,IV Fluids,1376,122,854,2027-05-05,0,0
PHC-008,Antiseptic Solution,1272,137,959,2026-10-18,0,0
PHC-008,Amoxicillin,1662,114,798,2027-05-24,0,0
PHC-008,Insulin,1086,79,553,2027-04-15,0,0
PHC-009,Paracetamol,1581,117,819,2027-08-08,0,0
PHC-009,ORS,2525,200,1400,2027-01-01,0,0
PHC-009,Amoxicillin,1390,158,1106,2027-01-15,0,0
PHC-009,Cough Syrup,1263,88,616,2026-12-03,0,0
PHC-009,Insulin,572,68,476,2027-02-26,0,0
PHC-009,Antiseptic Solution,2817,195,1365,2027-05-04,0,0
PHC-009,Iron Tablets,913,81,567,2027-02-24,0,0
PHC-010,ORS,1298,155,1085,2027-06-14,0,0
PHC-010,Amoxicillin,1754,142,994,2027-06-04,0,0
PHC-010,IV Fluids,2171,163,1141,2027-01-04,0,0
PHC-010,Cough Syrup,1397,118,826,2027-02-16,0,0
PHC-010,Paracetamol,2294,162,1134,2027-05-28,0,0
PHC-010,Antiseptic Solution,664,81,567,2027-08-10,0,0
PHC-010,Insulin,1439,111,777,2027-02-28,0,0
PHC-010,Iron Tablets,1546,191,1337,2027-04-18,0,0
PHC-011,Antiseptic Solution,4571,131,917,2027-04-05,0,0
PHC-011,Amoxicillin,5885,148,1036,2027-08-21,0,0
PHC-011,ORS,2631,88,616,2026-10-10,0,0
PHC-011,Cough Syrup,2463,82,574,2027-07-21,0,0
PHC-011,Insulin,5010,134,938,2027-05-05,0,0
PHC-011,Paracetamol,2288,75,525,2027-05-13,0,0
PHC-011,Iron Tablets,1825,53,371,2027-04-19,0,0
PHC-011,IV Fluids,1913,89,623,2027-02-04,0,0
PHC-012,IV Fluids,1791,199,1393,2027-05-16,0,0
PHC-012,Iron Tablets,1289,115,805,2026-09-26,0,0
PHC-012,Cough Syrup,2418,169,1183,2027-06-28,0,0
PHC-012,ORS,766,90,630,2027-03-17,0,0
PHC-012,Insulin,2018,200,1400,2027-04-27,0,0
PHC-013,Amoxicillin,1655,115,805,2027-05-26,0,0
PHC-013,ORS,1653,125,875,2027-03-14,0,0
PHC-013,IV Fluids,890,79,553,2026-10-30,0,0
PHC-013,Iron Tablets,1141,86,602,2027-01-15,0,0
PHC-013,Antiseptic Solution,2230,151,1057,2027-07-04,0,0
PHC-013,Insulin,1234,143,1001,2027-04-12,0,0
PHC-013,Cough Syrup,522,53,371,2026-11-24,0,0
PHC-013,Paracetamol,1756,166,1162,2027-02-03,0,0
PHC-014,Insulin,1499,151,1057,2026-11-23,0,0
PHC-014,IV Fluids,1434,166,1162,2027-01-08,0,0
PHC-014,Amoxicillin,459,55,385,2027-03-11,0,0
PHC-014,Paracetamol,1671,112,784,2027-07-08,0,0
PHC-014,Cough Syrup,864,102,714,2027-07-02,0,0
PHC-014,Antiseptic Solution,1246,103,721,2027-01-19,0,0
PHC-014,ORS,1798,134,938,2027-07-24,0,0
PHC-014,Iron Tablets,497,50,350,2026-12-05,0,0
PHC-015,Amoxicillin,2199,147,1029,2027-06-20,0,0
PHC-015,Antiseptic Solution,1397,125,875,2027-07-28,0,0
PHC-015,Iron Tablets,1391,160,1120,2026-11-19,0,0
PHC-015,Cough Syrup,2491,191,1337,2027-01-10,0,0
PHC-015,IV Fluids,1785,160,1120,2027-01-16,0,0
PHC-016,ORS,967,118,826,2027-02-08,0,0
PHC-016,IV Fluids,1864,129,903,2027-03-20,0,0
PHC-016,Amoxicillin,472,51,357,2026-12-04,0,0
PHC-016,Iron Tablets,2444,194,1358,2026-10-27,0,0
PHC-016,Antiseptic Solution,1134,86,602,2026-10-07,0,0
PHC-016,Insulin,965,73,511,2027-01-10,0,0
PHC-016,Paracetamol,1597,146,1022,2027-03-15,0,0
PHC-017,Cough Syrup,2412,167,1169,2027-03-01,0,0
PHC-017,Paracetamol,732,394,2758,2027-04-17,9062,6
PHC-017,Insulin,855,79,553,2027-03-07,0,0
PHC-017,IV Fluids,484,186,1302,2027-08-04,0,0
PHC-017,Antiseptic Solution,1223,142,994,2026-11-15,0,0
PHC-017,Iron Tablets,1237,112,784,2027-04-15,0,0
PHC-018,Iron Tablets,1363,165,1155,2027-03-29,0,0
PHC-018,Antiseptic Solution,1050,123,861,2026-11-07,0,0
PHC-018,Paracetamol,1913,179,1253,2027-07-16,0,0
PHC-018,Amoxicillin,2803,191,1337,2026-10-13,0,0
PHC-018,Cough Syrup,2369,165,1155,2027-07-11,0,0
PHC-018,ORS,1004,98,686,2027-05-23,0,0
PHC-018,IV Fluids,1611,178,1246,2026-10-23,0,0
PHC-019,Cough Syrup,948,99,693,2026-12-01,0,0
PHC-019,Paracetamol,205,178,1246,2026-11-12,4806,10
PHC-019,Amoxicillin,745,59,413,2027-08-04,0,0
PHC-019,Antiseptic Solution,1011,83,581,2026-12-09,0,0
PHC-019,ORS,247,182,1274,2027-08-07,2730,9
PHC-019,IV Fluids,222,122,854,2027-01-21,3538,6
PHC-019,Insulin,1580,164,1148,2027-01-22,0,0
PHC-019,Iron Tablets,1903,129,903,2027-05-20,0,0
PHC-020,Cough Syrup,1765,85,595,2027-05-21,0,0
PHC-020,Paracetamol,2990,85,595,2027-05-20,0,0
PHC-020,Antiseptic Solution,5298,164,1148,2026-11-01,0,0
PHC-020,Amoxicillin,1356,54,378,2026-12-07,0,0
PHC-020,ORS,7372,190,1330,2027-07-30,0,0
PHC-021,Cough Syrup,1018,76,532,2027-03-11,0,0
PHC-021,IV Fluids,698,84,588,2027-06-28,0,0
PHC-021,Paracetamol,1862,136,952,2026-12-20,0,0
PHC-021,Amoxicillin,2497,168,1176,2027-05-25,0,0
PHC-021,ORS,1313,96,672,2026-10-24,0,0
PHC-022,Iron Tablets,4023,139,973,2027-03-21,0,0
PHC-022,Insulin,4104,161,1127,2026-10-21,0,0
PHC-022,Antiseptic Solution,2306,69,483,2027-04-17,0,0
PHC-022,IV Fluids,4327,143,1001,2026-12-12,0,0
PHC-022,ORS,1302,57,399,2027-07-30,0,0
PHC-022,Amoxicillin,3352,162,1134,2026-10-26,0,0
PHC-022,Cough Syrup,3912,110,770,2027-03-28,0,0
PHC-023,Iron Tablets,3215,81,567,2026-12-02,0,0
PHC-023,IV Fluids,3938,110,770,2026-10-05,0,0
PHC-023,ORS,4413,142,994,2027-03-29,0,0
PHC-023,Cough Syrup,6096,169,1183,2027-07-01,0,0
PHC-023,Amoxicillin,2675,83,581,2026-11-05,0,0
PHC-023,Insulin,1728,66,462,2027-05-25,0,0
PHC-023,Paracetamol,5191,184,1288,2027-04-19,0,0
PHC-024,Cough Syrup,893,61,427,2027-07-14,0,0
PHC-024,IV Fluids,1469,117,819,2027-07-11,0,0
PHC-024,Iron Tablets,1922,156,1092,2026-10-07,0,0
PHC-024,Paracetamol,2517,177,1239,2027-06-28,0,0
PHC-024,Antiseptic Solution,1549,124,868,2027-02-23,0,0
PHC-024,Insulin,1680,173,1211,2027-04-17,0,0
PHC-025,Antiseptic Solution,2083,199,1393,2026-10-17,0,0
PHC-025,Paracetamol,1398,122,854,2027-08-22,0,0
PHC-025,IV Fluids,1700,170,1190,2026-09-26,0,0
PHC-025,Insulin,848,77,539,2027-02-04,0,0
PHC-025,Iron Tablets,1908,143,1001,2027-03-28,0,0
PHC-025,Cough Syrup,659,61,427,2027-07-10,0,0
PHC-025,Amoxicillin,1806,193,1351,2027-07-02,0,0
PHC-026,Iron Tablets,2020,199,1393,2027-08-10,0,0
PHC-026,Insulin,681,56,392,2027-02-04,0,0
PHC-026,Paracetamol,2384,198,1386,2026-10-18,0,0
PHC-026,Amoxicillin,2261,199,1393,2027-06-17,0,0
PHC-026,Antiseptic Solution,1328,147,1029,2027-01-24,0,0
PHC-026,IV Fluids,696,58,406,2026-11-17,0,0
PHC-026,Cough Syrup,796,98,686,2027-03-01,0,0
PHC-026,ORS,1422,157,1099,2027-01-04,0,0
PHC-027,Cough Syrup,2052,163,1141,2027-05-25,0,0
PHC-027,IV Fluids,979,104,728,2027-06-24,0,0
PHC-027,ORS,1729,119,833,2027-02-08,0,0
PHC-027,Amoxicillin,744,85,595,2027-07-19,0,0
PHC-027,Paracetamol,1076,111,777,2027-06-20,0,0
PHC-027,Antiseptic Solution,1333,107,749,2026-10-18,0,0
PHC-027,Insulin,816,75,525,2027-05-21,0,0
PHC-027,Iron Tablets,957,75,525,2026-12-01,0,0
PHC-028,Cough Syrup,785,97,679,2027-03-13,0,0
PHC-028,ORS,1496,125,875,2026-12-29,0,0
PHC-028,Antiseptic Solution,1154,94,658,2027-08-15,0,0
PHC-028,Insulin,2109,153,1071,2027-06-12,0,0
PHC-028,Amoxicillin,1144,133,931,2026-11-09,0,0
PHC-029,Antiseptic Solution,1704,194,1358,2027-06-29,0,0
PHC-029,Iron Tablets,1685,179,1253,2027-06-23,0,0
PHC-029,Cough Syrup,805,88,616,2027-06-15,0,0
PHC-029,Amoxicillin,1436,163,1141,2027-01-05,0,0
PHC-029,Paracetamol,2272,199,1393,2027-06-10,0,0
PHC-030,Insulin,2073,189,1323,2027-04-04,0,0
PHC-030,IV Fluids,1051,108,756,2027-03-18,0,0
PHC-030,Paracetamol,883,89,623,2026-11-18,0,0
PHC-030,Cough Syrup,792,58,406,2027-04-24,0,0
PHC-030,Amoxicillin,522,54,378,2026-10-26,0,0
PHC-030,ORS,911,75,525,2027-05-08,0,0
PHC-031,IV Fluids,442,298,2086,2027-01-04,0,0
PHC-031,Insulin,1011,70,490,2027-03-30,0,0
PHC-031,Iron Tablets,857,73,511,2026-12-28,0,0
PHC-031,Cough Syrup,622,63,441,2027-07-28,0,0
PHC-031,ORS,329,120,840,2026-12-27,3360,10
PHC-032,Iron Tablets,2390,190,1330,2027-03-13,0,0
PHC-032,ORS,1534,115,805,2027-05-30,0,0
PHC-032,IV Fluids,1964,175,1225,2027-03-21,0,0
PHC-032,Amoxicillin,835,93,651,2027-06-28,0,0
PHC-032,Cough Syrup,1625,175,1225,2027-06-26,0,0
PHC-032,Insulin,758,65,455,2026-10-30,0,0
PHC-032,Paracetamol,827,62,434,2027-04-21,0,0
PHC-032,Antiseptic Solution,1181,85,595,2027-01-18,0,0
PHC-033,IV Fluids,797,64,448,2026-12-18,0,0
PHC-033,Insulin,816,71,497,2027-05-02,0,0
PHC-033,Antiseptic Solution,1602,134,938,2026-11-09,0,0
PHC-033,Iron Tablets,2670,185,1295,2027-01-17,0,0
PHC-033,Cough Syrup,1488,104,728,2027-07-09,0,0
PHC-034,Insulin,1698,125,875,2026-10-29,0,0
PHC-034,Amoxicillin,701,71,497,2027-04-04,0,0
PHC-034,Iron Tablets,1172,89,623,2027-03-03,0,0
PHC-034,Antiseptic Solution,1241,142,994,2026-09-24,0,0
PHC-034,Cough Syrup,1422,128,896,2027-02-07,0,0
PHC-034,Paracetamol,678,76,532,2026-12-26,0,0
PHC-034,ORS,1782,160,1120,2027-07-03,0,0
PHC-034,IV Fluids,1964,181,1267,2026-10-05,0,0
PHC-035,Paracetamol,1486,135,945,2027-08-21,0,0
PHC-035,Insulin,848,84,588,2027-07-27,0,0
PHC-035,Amoxicillin,1146,101,707,2026-12-21,0,0
PHC-035,Iron Tablets,2231,151,1057,2027-02-18,0,0
PHC-035,IV Fluids,2585,175,1225,2027-01-24,0,0
PHC-035,ORS,1414,133,931,2027-04-11,0,0
PHC-035,Cough Syrup,1258,143,1001,2027-07-07,0,0
PHC-036,IV Fluids,451,52,364,2027-01-13,0,0
PHC-036,Antiseptic Solution,2381,180,1260,2027-07-04,0,0
PHC-036,Amoxicillin,2537,198,1386,2027-01-13,0,0
PHC-036,Insulin,1741,164,1148,2027-05-17,0,0
PHC-036,Paracetamol,2566,200,1400,2026-12-08,0,0
PHC-037,Insulin,659,51,357,2027-01-05,0,0
PHC-037,Antiseptic Solution,1605,121,847,2026-10-24,0,0
PHC-037,Iron Tablets,1716,197,1379,2027-06-23,0,0
PHC-037,IV Fluids,1024,97,679,2026-12-31,0,0
PHC-037,Cough Syrup,1469,167,1169,2027-05-30,0,0
PHC-038,Cough Syrup,2182,148,1036,2027-06-07,0,0
PHC-038,Paracetamol,1912,176,1232,2027-05-31,0,0
PHC-038,Insulin,2023,156,1092,2027-05-07,0,0
PHC-038,ORS,1604,175,1225,2027-07-08,0,0
PHC-038,Iron Tablets,773,57,399,2027-01-12,0,0
PHC-039,Cough Syrup,5224,132,924,2027-02-18,0,0
PHC-039,Iron Tablets,3900,124,868,2027-06-12,0,0
PHC-039,Amoxicillin,1680,74,518,2027-04-20,0,0
PHC-039,IV Fluids,2590,65,455,2027-08-23,0,0
PHC-039,ORS,2790,82,574,2026-11-28,0,0
PHC-040,Paracetamol,1813,162,1134,2027-04-29,0,0
PHC-040,Antiseptic Solution,1511,101,707,2026-11-28,0,0
PHC-040,IV Fluids,1157,127,889,2027-02-09,0,0
PHC-040,Insulin,918,73,511,2027-01-28,0,0
PHC-040,Cough Syrup,752,71,497,2027-08-20,0,0
PHC-040,Iron Tablets,769,92,644,2027-08-08,0,0
PHC-040,Amoxicillin,1674,128,896,2027-01-19,0,0
PHC-041,ORS,2049,139,973,2027-03-02,0,0
PHC-041,Antiseptic Solution,827,85,595,2027-08-18,0,0
PHC-041,Paracetamol,691,71,497,2027-07-26,0,0
PHC-041,Iron Tablets,1641,122,854,2026-10-05,0,0
PHC-041,Insulin,1198,127,889,2027-07-29,0,0
PHC-042,Iron Tablets,1923,187,1309,2027-07-19,0,0
PHC-042,Paracetamol,671,66,462,2027-05-03,0,0
PHC-042,Amoxicillin,932,111,777,2026-11-05,0,0
PHC-042,IV Fluids,1418,161,1127,2027-08-01,0,0
PHC-042,ORS,650,64,448,2026-12-20,0,0
PHC-042,Antiseptic Solution,647,80,560,2026-12-01,0,0
PHC-043,Antiseptic Solution,700,59,413,2027-08-23,0,0
PHC-043,Amoxicillin,1502,157,1099,2027-01-27,0,0
PHC-043,Insulin,2248,156,1092,2027-03-04,0,0
PHC-043,ORS,1640,119,833,2027-07-11,0,0
PHC-043,Iron Tablets,1281,145,1015,2026-10-18,0,0
PHC-044,Amoxicillin,1556,109,763,2027-06-15,0,0
PHC-044,Cough Syrup,2000,155,1085,2027-03-31,0,0
PHC-044,Antiseptic Solution,2475,167,1169,2026-11-04,0,0
PHC-044,Paracetamol,1716,198,1386,2026-11-29,0,0
PHC-044,Iron Tablets,1278,150,1050,2027-07-09,0,0
PHC-045,Paracetamol,2541,192,1344,2027-01-27,0,0
PHC-045,Cough Syrup,831,74,518,2026-12-02,0,0
PHC-045,Amoxicillin,654,81,567,2027-01-13,0,0
PHC-045,IV Fluids,779,83,581,2027-04-15,0,0
PHC-045,ORS,1856,145,1015,2027-08-18,0,0
PHC-045,Antiseptic Solution,857,71,497,2027-02-01,0,0
PHC-045,Insulin,562,69,483,2026-10-25,0,0
PHC-045,Iron Tablets,1431,100,700,2027-05-07,0,0
PHC-046,Antiseptic Solution,573,56,392,2027-01-12,0,0
PHC-046,Amoxicillin,813,57,399,2027-02-12,0,0
PHC-046,Iron Tablets,874,64,448,2027-05-21,0,0
PHC-046,Cough Syrup,1942,185,1295,2027-07-18,0,0
PHC-046,IV Fluids,1615,109,763,2026-11-12,0,0
PHC-046,ORS,1423,113,791,2027-02-05,0,0
PHC-046,Insulin,2550,186,1302,2026-10-20,0,0
PHC-046,Paracetamol,1275,106,742,2027-04-08,0,0
PHC-047,ORS,1182,132,924,2026-12-11,0,0
PHC-047,Amoxicillin,2180,161,1127,2027-05-29,0,0
PHC-047,Cough Syrup,1207,131,917,2027-07-06,0,0
PHC-047,Insulin,1348,141,987,2027-07-20,0,0
PHC-047,Paracetamol,1000,94,658,2027-02-19,0,0
PHC-047,Antiseptic Solution,758,82,574,2026-09-22,0,0
PHC-047,IV Fluids,2105,196,1372,2027-07-09,0,0
PHC-048,Antiseptic Solution,1700,116,812,2026-10-29,0,0
PHC-048,Paracetamol,1259,137,959,2027-04-02,0,0
PHC-048,IV Fluids,1194,91,637,2027-06-29,0,0
PHC-048,Amoxicillin,756,73,511,2027-08-02,0,0
PHC-048,Cough Syrup,2237,173,1211,2027-04-30,0,0
PHC-048,ORS,1127,92,644,2027-05-02,0,0
PHC-049,IV Fluids,1663,169,1183,2027-02-06,0,0
PHC-049,Amoxicillin,1635,194,1358,2026-11-10,0,0
PHC-049,ORS,900,71,497,2027-06-26,0,0
PHC-049,Insulin,2293,155,1085,2027-07-20,0,0
PHC-049,Paracetamol,1282,108,756,2027-04-08,0,0
PHC-049,Cough Syrup,2000,183,1281,2027-06-23,0,0
PHC-049,Antiseptic Solution,2053,171,1197,2027-01-20,0,0
PHC-050,ORS,1526,155,1085,2027-08-23,0,0
PHC-050,Iron Tablets,2088,174,1218,2027-05-22,0,0
PHC-050,Paracetamol,543,59,413,2027-04-16,0,0
PHC-050,Amoxicillin,1060,86,602,2027-04-15,0,0
PHC-050,IV Fluids,635,59,413,2027-03-10,0,0
PHC-051,Paracetamol,1982,144,1008,2027-06-07,0,0
PHC-051,Insulin,1879,151,1057,2026-11-24,0,0
PHC-051,Antiseptic Solution,552,57,399,2027-05-30,0,0
PHC-051,Amoxicillin,1515,164,1148,2027-05-22,0,0
PHC-051,ORS,2371,200,1400,2027-03-17,0,0
PHC-051,IV Fluids,1261,91,637,2027-02-01,0,0
PHC-052,Iron Tablets,1866,133,931,2027-02-02,0,0
PHC-052,Cough Syrup,1174,126,882,2027-06-13,0,0
PHC-052,Paracetamol,1587,111,777,2027-07-26,0,0
PHC-052,Insulin,1931,153,1071,2026-12-02,0,0
PHC-052,IV Fluids,704,56,392,2027-02-20,0,0
PHC-052,ORS,1664,116,812,2027-04-17,0,0
PHC-052,Amoxicillin,1960,149,1043,2027-07-17,0,0
PHC-053,IV Fluids,788,88,616,2027-01-02,0,0
PHC-053,Iron Tablets,1488,137,959,2027-07-10,0,0
PHC-053,Amoxicillin,1503,167,1169,2026-12-23,0,0
PHC-053,Insulin,798,70,490,2027-08-11,0,0
PHC-053,Paracetamol,968,95,665,2026-10-21,0,0
PHC-054,IV Fluids,1346,92,644,2027-04-16,0,0
PHC-054,Cough Syrup,518,54,378,2026-11-28,0,0
PHC-054,ORS,1366,104,728,2027-07-20,0,0
PHC-054,Amoxicillin,1643,179,1253,2027-03-28,0,0
PHC-054,Insulin,626,59,413,2027-08-15,0,0
PHC-054,Antiseptic Solution,1540,115,805,2027-08-07,0,0
PHC-054,Paracetamol,753,62,434,2026-10-16,0,0
PHC-055,Insulin,1080,78,546,2027-06-01,0,0
PHC-055,Cough Syrup,1288,88,616,2027-06-10,0,0
PHC-055,Antiseptic Solution,901,69,483,2026-11-12,0,0
PHC-055,Amoxicillin,1438,115,805,2027-05-13,0,0
PHC-055,ORS,1231,125,875,2026-10-17,0,0
PHC-055,Paracetamol,1026,75,525,2026-10-12,0,0
PHC-055,Iron Tablets,1304,124,868,2027-03-01,0,0
PHC-055,IV Fluids,2093,159,1113,2026-11-09,0,0
PHC-056,Cough Syrup,2122,182,1274,2027-08-04,0,0
PHC-056,Paracetamol,816,74,518,2027-01-27,0,0
PHC-056,Antiseptic Solution,1802,173,1211,2027-08-16,0,0
PHC-056,Iron Tablets,1338,148,1036,2027-07-04,0,0
PHC-056,ORS,509,63,441,2026-12-11,0,0
PHC-056,Amoxicillin,2495,179,1253,2027-06-02,0,0
PHC-056,Insulin,784,92,644,2027-05-31,0,0
PHC-057,Iron Tablets,1581,176,1232,2027-04-19,0,0
PHC-057,Antiseptic Solution,753,77,539,2026-12-31,0,0
PHC-057,IV Fluids,243,196,1372,2027-04-11,0,0
PHC-057,Amoxicillin,1275,98,686,2026-11-16,0,0
PHC-057,Paracetamol,341,312,2184,2027-08-12,8736,3
PHC-057,Insulin,1848,165,1155,2027-07-20,0,0
PHC-057,Cough Syrup,1600,179,1253,2027-06-04,0,0
PHC-058,Cough Syrup,1860,186,1302,2027-04-26,0,0
PHC-058,Iron Tablets,617,53,371,2026-10-04,0,0
PHC-058,Insulin,1325,147,1029,2026-10-20,0,0
PHC-058,IV Fluids,309,202,1414,2026-12-13,3636,4
PHC-058,Antiseptic Solution,834,65,455,2027-02-20,0,0
PHC-059,Paracetamol,320,126,882,2027-08-08,2394,9
PHC-059,Amoxicillin,2322,196,1372,2026-10-29,0,0
PHC-059,Insulin,1529,131,917,2026-12-25,0,0
PHC-059,ORS,415,366,2562,2027-06-07,0,0
PHC-059,Antiseptic Solution,2222,189,1323,2026-11-08,0,0
PHC-059,Cough Syrup,1327,139,973,2027-01-09,0,0
PHC-059,Iron Tablets,1382,134,938,2027-02-19,0,0
PHC-060,IV Fluids,899,68,476,2026-12-09,0,0
PHC-060,Antiseptic Solution,628,56,392,2027-03-10,0,0
PHC-060,Paracetamol,508,59,413,2026-10-19,0,0
PHC-060,ORS,1288,95,665,2027-07-04,0,0
PHC-060,Insulin,817,68,476,2027-01-16,0,0
PHC-060,Amoxicillin,1258,116,812,2027-05-10,0,0
PHC-061,ORS,925,97,679,2027-01-29,0,0
PHC-061,Amoxicillin,871,99,693,2027-07-09,0,0
PHC-061,Antiseptic Solution,879,63,441,2027-06-30,0,0
PHC-061,IV Fluids,2102,168,1176,2026-10-29,0,0
PHC-061,Cough Syrup,1575,124,868,2027-01-28,0,0
PHC-061,Insulin,703,75,525,2027-07-16,0,0
PHC-061,Paracetamol,2550,174,1218,2027-03-23,0,0
PHC-061,Iron Tablets,1041,82,574,2027-01-20,0,0
PHC-062,IV Fluids,1876,191,1337,2027-06-25,0,0
PHC-062,Antiseptic Solution,2138,170,1190,2026-12-07,0,0
PHC-062,Iron Tablets,1536,143,1001,2027-07-20,0,0
PHC-062,ORS,1108,124,868,2027-06-05,0,0
PHC-062,Paracetamol,1554,180,1260,2027-03-27,0,0
PHC-063,IV Fluids,5088,140,980,2027-03-17,0,0
PHC-063,Amoxicillin,6238,174,1218,2027-07-28,0,0
PHC-063,Iron Tablets,1531,51,357,2026-12-02,0,0
PHC-063,Paracetamol,3776,162,1134,2026-10-31,0,0
PHC-063,Antiseptic Solution,5949,181,1267,2027-01-08,0,0
PHC-063,ORS,2088,88,616,2027-03-26,0,0
PHC-063,Cough Syrup,2657,80,560,2027-04-22,0,0
PHC-063,Insulin,4610,134,938,2027-05-26,0,0
PHC-064,ORS,200,148,1036,2027-08-02,3996,10
PHC-064,Paracetamol,189,160,1120,2026-11-27,4320,2
PHC-064,Antiseptic Solution,1864,160,1120,2027-03-30,0,0
PHC-064,Iron Tablets,785,61,427,2027-04-29,0,0
PHC-064,Insulin,1573,108,756,2027-05-26,0,0
PHC-064,IV Fluids,500,294,2058,2027-07-13,0,0
PHC-065,Iron Tablets,1201,108,756,2026-12-13,0,0
PHC-065,Amoxicillin,712,75,525,2027-04-15,0,0
PHC-065,Antiseptic Solution,1850,136,952,2027-08-02,0,0
PHC-065,IV Fluids,574,63,441,2027-08-13,0,0
PHC-065,Insulin,695,51,357,2026-12-05,0,0
PHC-065,Cough Syrup,2461,170,1190,2027-05-02,0,0
PHC-065,Paracetamol,608,72,504,2027-01-13,0,0
PHC-065,ORS,1232,144,1008,2026-10-11,0,0
PHC-066,Cough Syrup,1582,197,1379,2026-12-20,0,0
PHC-066,IV Fluids,1777,154,1078,2027-07-05,0,0
PHC-066,Amoxicillin,783,68,476,2027-03-15,0,0
PHC-066,ORS,1076,79,553,2027-01-31,0,0
PHC-066,Iron Tablets,2560,187,1309,2027-07-13,0,0
PHC-066,Insulin,1465,114,798,2027-04-03,0,0
PHC-066,Antiseptic Solution,2208,194,1358,2027-01-24,0,0
PHC-067,Insulin,680,77,539,2026-11-01,0,0
PHC-067,IV Fluids,2164,176,1232,2027-06-26,0,0
PHC-067,ORS,836,60,420,2027-03-31,0,0
PHC-067,Iron Tablets,1488,130,910,2027-07-13,0,0
PHC-067,Amoxicillin,1372,120,840,2027-06-10,0,0
PHC-067,Paracetamol,1305,121,847,2027-07-14,0,0
PHC-068,Insulin,5940,160,1120,2026-12-31,0,0
PHC-068,IV Fluids,3132,87,609,2026-12-07,0,0
PHC-068,Paracetamol,6175,171,1197,2026-12-21,0,0
PHC-068,Amoxicillin,4708,157,1099,2027-08-10,0,0
PHC-068,ORS,5583,182,1274,2027-03-02,0,0
PHC-068,Iron Tablets,4524,174,1218,2027-07-06,0,0
PHC-069,ORS,1444,118,826,2027-04-12,0,0
PHC-069,Paracetamol,1691,119,833,2027-03-26,0,0
PHC-069,Antiseptic Solution,2329,200,1400,2027-05-10,0,0
PHC-069,Amoxicillin,1421,155,1085,2026-10-03,0,0
PHC-069,Cough Syrup,1073,82,574,2027-01-28,0,0
PHC-069,Insulin,663,70,490,2027-04-13,0,0
PHC-069,Iron Tablets,658,76,532,2027-05-22,0,0
PHC-069,IV Fluids,1591,190,1330,2027-04-13,0,0
PHC-070,ORS,2320,89,623,2026-09-22,0,0
PHC-070,Insulin,6644,183,1281,2026-11-30,0,0
PHC-070,Amoxicillin,3551,138,966,2027-06-22,0,0
PHC-070,Cough Syrup,1755,52,364,2027-05-31,0,0
PHC-070,IV Fluids,4470,172,1204,2027-04-30,0,0
PHC-070,Antiseptic Solution,3960,124,868,2026-09-25,0,0
PHC-071,Antiseptic Solution,607,53,371,2027-03-16,0,0
PHC-071,Cough Syrup,1598,157,1099,2027-06-04,0,0
PHC-071,Paracetamol,1630,145,1015,2026-10-08,0,0
PHC-071,ORS,1147,134,938,2026-12-05,0,0
PHC-071,IV Fluids,631,64,448,2027-04-10,0,0
PHC-071,Insulin,802,68,476,2026-12-23,0,0
PHC-072,IV Fluids,7062,198,1386,2027-05-23,0,0
PHC-072,Antiseptic Solution,2441,89,623,2026-11-06,0,0
PHC-072,ORS,2616,113,791,2026-11-07,0,0
PHC-072,Paracetamol,5251,136,952,2027-08-08,0,0
PHC-072,Iron Tablets,1377,65,455,2027-08-18,0,0
PHC-073,Amoxicillin,1143,98,686,2027-06-03,0,0
PHC-073,Paracetamol,1734,191,1337,2027-02-13,0,0
PHC-073,Iron Tablets,1434,132,924,2027-03-05,0,0
PHC-073,Antiseptic Solution,676,78,546,2026-10-26,0,0
PHC-073,ORS,844,61,427,2026-11-27,0,0
PHC-073,Insulin,1340,95,665,2027-01-03,0,0
PHC-073,IV Fluids,877,77,539,2026-11-11,0,0
PHC-073,Cough Syrup,695,58,406,2027-04-08,0,0
PHC-074,Cough Syrup,1246,92,644,2027-06-30,0,0
PHC-074,Antiseptic Solution,1752,152,1064,2026-12-11,0,0
PHC-074,Insulin,2787,186,1302,2027-05-06,0,0
PHC-074,IV Fluids,2004,140,980,2027-06-30,0,0
PHC-074,Paracetamol,1850,133,931,2027-04-21,0,0
PHC-075,ORS,1802,133,931,2026-12-19,0,0
PHC-075,Iron Tablets,2397,174,1218,2027-07-14,0,0
PHC-075,Insulin,900,74,518,2027-02-22,0,0
PHC-075,IV Fluids,773,59,413,2027-07-14,0,0
PHC-075,Antiseptic Solution,1256,147,1029,2026-10-20,0,0
PHC-075,Amoxicillin,1408,135,945,2027-05-02,0,0
PHC-075,Paracetamol,2263,156,1092,2026-11-22,0,0
PHC-076,Antiseptic Solution,1789,184,1288,2026-10-28,0,0
PHC-076,Insulin,1585,118,826,2027-03-06,0,0
PHC-076,Cough Syrup,1699,197,1379,2027-04-21,0,0
PHC-076,Iron Tablets,1667,158,1106,2026-12-28,0,0
PHC-076,ORS,1374,132,924,2027-08-23,0,0
PHC-076,Amoxicillin,749,56,392,2026-12-17,0,0
PHC-077,Paracetamol,2126,169,1183,2026-09-26,0,0
PHC-077,Amoxicillin,718,67,469,2027-02-07,0,0
PHC-077,ORS,1995,142,994,2026-10-01,0,0
PHC-077,Iron Tablets,1744,124,868,2027-08-20,0,0
PHC-077,IV Fluids,1423,148,1036,2027-04-04,0,0
PHC-077,Antiseptic Solution,2670,180,1260,2026-11-11,0,0
PHC-078,IV Fluids,784,83,581,2026-12-01,0,0
PHC-078,Amoxicillin,2334,198,1386,2027-01-03,0,0
PHC-078,Iron Tablets,863,85,595,2027-06-17,0,0
PHC-078,Antiseptic Solution,924,84,588,2026-12-05,0,0
PHC-078,Insulin,2797,194,1358,2027-03-03,0,0
PHC-078,Cough Syrup,797,67,469,2026-11-21,0,0
PHC-079,Amoxicillin,1743,119,833,2027-01-13,0,0
PHC-079,ORS,1343,101,707,2026-10-25,0,0
PHC-079,IV Fluids,1376,95,665,2027-05-04,0,0
PHC-079,Paracetamol,2242,175,1225,2027-05-14,0,0
PHC-079,Insulin,1242,113,791,2026-10-13,0,0
PHC-079,Iron Tablets,1917,147,1029,2027-04-11,0,0
PHC-080,Antiseptic Solution,699,81,567,2027-05-10,0,0
PHC-080,Paracetamol,1220,142,994,2027-04-06,0,0
PHC-080,Amoxicillin,2211,180,1260,2026-12-12,0,0
PHC-080,Cough Syrup,1730,146,1022,2026-10-14,0,0
PHC-080,ORS,1337,93,651,2027-07-08,0,0
PHC-080,Iron Tablets,803,88,616,2026-12-05,0,0
PHC-081,Amoxicillin,1933,58,406,2027-07-27,0,0
PHC-081,Paracetamol,3354,126,882,2026-11-05,0,0
PHC-081,Cough Syrup,1375,62,434,2026-12-22,0,0
PHC-081,Antiseptic Solution,3043,91,637,2027-07-31,0,0
PHC-081,IV Fluids,7006,196,1372,2026-12-21,0,0
PHC-081,Insulin,5807,166,1162,2027-03-25,0,0
PHC-082,Antiseptic Solution,441,50,350,2027-05-18,0,0
PHC-082,IV Fluids,1052,80,560,2027-01-06,0,0
PHC-082,ORS,1700,156,1092,2027-03-11,0,0
PHC-082,Iron Tablets,1657,139,973,2027-08-14,0,0
PHC-082,Cough Syrup,840,104,728,2027-01-03,0,0
PHC-082,Amoxicillin,1193,122,854,2026-10-26,0,0
PHC-082,Insulin,1293,128,896,2027-06-30,0,0
PHC-082,Paracetamol,1764,132,924,2026-11-19,0,0
PHC-083,Amoxicillin,1334,155,1085,2027-01-21,0,0
PHC-083,Iron Tablets,1618,145,1015,2027-02-23,0,0
PHC-083,Paracetamol,1225,105,735,2026-12-20,0,0
PHC-083,Antiseptic Solution,828,78,546,2026-10-11,0,0
PHC-083,IV Fluids,1453,101,707,2027-05-07,0,0
PHC-083,Insulin,1463,179,1253,2027-05-27,0,0
PHC-083,Cough Syrup,1615,178,1246,2027-03-15,0,0
PHC-083,ORS,2270,173,1211,2027-06-17,0,0
PHC-084,ORS,1069,119,833,2027-02-14,0,0
PHC-084,Antiseptic Solution,1903,196,1372,2026-10-28,0,0
PHC-084,Iron Tablets,1585,129,903,2027-03-14,0,0
PHC-084,Amoxicillin,2087,188,1316,2026-11-27,0,0
PHC-084,Cough Syrup,643,57,399,2026-10-17,0,0
PHC-085,Amoxicillin,791,77,539,2027-08-20,0,0
PHC-085,Antiseptic Solution,921,68,476,2027-06-21,0,0
PHC-085,IV Fluids,1815,168,1176,2027-04-21,0,0
PHC-085,Iron Tablets,1370,111,777,2027-06-29,0,0
PHC-085,ORS,1333,90,630,2027-04-06,0,0
PHC-085,Cough Syrup,685,66,462,2027-07-21,0,0
PHC-085,Paracetamol,2158,160,1120,2027-05-02,0,0
PHC-085,Insulin,2634,195,1365,2027-06-27,0,0
PHC-086,IV Fluids,1145,82,574,2026-10-23,0,0
PHC-086,Cough Syrup,2060,144,1008,2026-10-19,0,0
PHC-086,Amoxicillin,646,50,350,2027-03-24,0,0
PHC-086,Paracetamol,1094,78,546,2026-10-07,0,0
PHC-086,Iron Tablets,1212,110,770,2027-07-21,0,0
PHC-086,Antiseptic Solution,1856,150,1050,2027-04-05,0,0
PHC-086,ORS,1632,153,1071,2027-06-28,0,0
PHC-087,Cough Syrup,1555,182,1274,2027-07-31,0,0
PHC-087,Paracetamol,214,144,1008,2027-08-10,1728,10
PHC-087,Iron Tablets,2017,198,1386,2026-10-19,0,0
PHC-087,Insulin,1609,137,959,2026-09-27,0,0
PHC-087,IV Fluids,648,340,2380,2027-05-20,6800,8
PHC-087,Antiseptic Solution,2061,140,980,2027-02-19,0,0
PHC-087,ORS,331,248,1736,2027-07-24,6944,6
PHC-087,Amoxicillin,806,65,455,2027-07-15,0,0
PHC-088,Insulin,1554,117,819,2026-11-20,0,0
PHC-088,Iron Tablets,577,63,441,2027-04-14,0,0
PHC-088,Cough Syrup,1728,171,1197,2027-06-21,0,0
PHC-088,Amoxicillin,1161,109,763,2027-04-09,0,0
PHC-088,Paracetamol,1682,171,1197,2027-06-20,0,0
PHC-088,IV Fluids,1301,161,1127,2027-05-09,0,0
PHC-089,Paracetamol,688,80,560,2027-07-28,0,0
PHC-089,Iron Tablets,882,83,581,2027-08-19,0,0
PHC-089,Cough Syrup,2642,194,1358,2026-12-25,0,0
PHC-089,ORS,1003,78,546,2027-01-29,0,0
PHC-089,Antiseptic Solution,1408,125,875,2026-10-30,0,0
PHC-090,Paracetamol,1920,134,938,2027-07-13,0,0
PHC-090,Cough Syrup,580,50,350,2027-05-31,0,0
PHC-090,Insulin,1901,172,1204,2026-10-27,0,0
PHC-090,Amoxicillin,1801,188,1316,2027-04-06,0,0
PHC-090,ORS,1530,173,1211,2027-06-23,0,0
PHC-091,Paracetamol,1350,153,1071,2027-08-22,0,0
PHC-091,Amoxicillin,2051,183,1281,2027-06-23,0,0
PHC-091,Antiseptic Solution,1160,88,616,2027-01-19,0,0
PHC-091,IV Fluids,561,68,476,2026-12-03,0,0
PHC-091,Cough Syrup,2200,175,1225,2027-05-21,0,0
PHC-092,Insulin,764,54,378,2026-11-02,0,0
PHC-092,Iron Tablets,410,51,357,2026-11-06,0,0
PHC-092,Paracetamol,1331,122,854,2027-05-23,0,0
PHC-092,ORS,774,82,574,2027-08-15,0,0
PHC-092,Cough Syrup,1387,119,833,2027-04-20,0,0
PHC-092,Amoxicillin,1616,111,777,2027-07-31,0,0
PHC-092,IV Fluids,718,59,413,2027-06-04,0,0
PHC-092,Antiseptic Solution,892,72,504,2027-02-23,0,0
PHC-093,Cough Syrup,724,75,525,2027-04-21,0,0
PHC-093,Insulin,1073,101,707,2027-01-12,0,0
PHC-093,ORS,768,68,476,2027-05-28,0,0
PHC-093,Amoxicillin,896,63,441,2026-12-05,0,0
PHC-093,Antiseptic Solution,1521,105,735,2027-05-12,0,0
PHC-093,Paracetamol,1017,95,665,2026-11-30,0,0
PHC-093,IV Fluids,2177,167,1169,2027-08-11,0,0
PHC-093,Iron Tablets,2090,141,987,2027-01-03,0,0
PHC-094,IV Fluids,1892,165,1155,2026-11-03,0,0
PHC-094,Iron Tablets,2548,192,1344,2027-04-18,0,0
PHC-094,Insulin,937,105,735,2027-02-20,0,0
PHC-094,Cough Syrup,1391,111,777,2026-11-07,0,0
PHC-094,Paracetamol,613,54,378,2027-02-25,0,0
PHC-095,Insulin,5976,172,1204,2027-07-16,0,0
PHC-095,ORS,3611,103,721,2027-01-15,0,0
PHC-095,Amoxicillin,3571,132,924,2027-02-05,0,0
PHC-095,IV Fluids,5981,178,1246,2027-02-10,0,0
PHC-095,Paracetamol,1339,63,441,2027-03-17,0,0
PHC-096,Cough Syrup,1520,127,889,2027-02-25,0,0
PHC-096,Antiseptic Solution,1257,93,651,2027-01-16,0,0
PHC-096,IV Fluids,603,346,2422,2027-02-16,3806,4
PHC-096,Amoxicillin,1398,140,980,2026-12-16,0,0
PHC-096,Insulin,1181,91,637,2027-02-15,0,0
PHC-096,Iron Tablets,1421,96,672,2026-12-09,0,0
PHC-096,ORS,268,182,1274,2026-10-13,5096,4
PHC-096,Paracetamol,492,324,2268,2026-12-25,0,0
PHC-097,Insulin,2607,187,1309,2026-11-05,0,0
PHC-097,IV Fluids,1947,181,1267,2027-05-31,0,0
PHC-097,Amoxicillin,1601,131,917,2027-06-10,0,0
PHC-097,ORS,918,64,448,2027-03-25,0,0
PHC-097,Paracetamol,1364,151,1057,2027-04-28,0,0
PHC-097,Antiseptic Solution,1541,144,1008,2026-09-28,0,0
PHC-098,Paracetamol,758,56,392,2026-12-09,0,0
PHC-098,IV Fluids,1181,117,819,2027-08-15,0,0
PHC-098,Amoxicillin,1507,170,1190,2027-02-16,0,0
PHC-098,Iron Tablets,1443,156,1092,2027-08-18,0,0
PHC-098,Cough Syrup,918,112,784,2027-02-10,0,0
PHC-098,ORS,2633,176,1232,2026-10-26,0,0
PHC-098,Insulin,1713,142,994,2027-07-08,0,0
PHC-098,Antiseptic Solution,2266,161,1127,2027-08-09,0,0
PHC-099,Paracetamol,1609,155,1085,2026-12-14,0,0
PHC-099,ORS,723,76,532,2027-06-06,0,0
PHC-099,Iron Tablets,1465,106,742,2027-07-05,0,0
PHC-099,Amoxicillin,2561,184,1288,2027-07-01,0,0
PHC-099,Cough Syrup,862,79,553,2026-10-31,0,0
PHC-099,IV Fluids,1084,79,553,2026-09-30,0,0
PHC-100,Insulin,1211,87,609,2027-02-11,0,0
PHC-100,ORS,2066,198,1386,2026-12-13,0,0
PHC-100,Cough Syrup,2396,178,1246,2027-08-01,0,0
PHC-100,Amoxicillin,1280,111,777,2026-10-26,0,0
PHC-100,Paracetamol,1030,75,525,2026-09-29,0,0
PHC-100,Antiseptic Solution,1761,185,1295,2026-12-29,0,0
PHC-101,Iron Tablets,794,53,371,2027-05-31,0,0
PHC-101,IV Fluids,818,76,532,2027-06-16,0,0
PHC-101,Insulin,627,71,497,2027-04-12,0,0
PHC-101,ORS,1955,152,1064,2026-11-13,0,0
PHC-101,Paracetamol,786,93,651,2027-01-01,0,0
PHC-101,Antiseptic Solution,1278,136,952,2027-04-16,0,0
PHC-101,Amoxicillin,780,81,567,2027-04-27,0,0
PHC-101,Cough Syrup,1761,177,1239,2027-07-16,0,0
PHC-102,Paracetamol,1816,130,910,2027-05-06,0,0
PHC-102,IV Fluids,1378,167,1169,2026-12-21,0,0
PHC-102,Antiseptic Solution,2422,192,1344,2027-02-24,0,0
PHC-102,Insulin,1052,92,644,2026-11-29,0,0
PHC-102,Cough Syrup,1678,129,903,2027-05-29,0,0
PHC-102,ORS,934,78,546,2027-05-31,0,0
PHC-102,Amoxicillin,2444,191,1337,2027-07-11,0,0
PHC-103,Iron Tablets,1585,132,924,2027-05-30,0,0
PHC-103,Paracetamol,962,75,525,2027-01-05,0,0
PHC-103,Cough Syrup,1560,136,952,2027-03-14,0,0
PHC-103,Insulin,1131,92,644,2027-03-27,0,0
PHC-103,IV Fluids,1515,161,1127,2027-08-13,0,0
PHC-103,ORS,957,69,483,2027-06-23,0,0
PHC-103,Amoxicillin,1041,104,728,2026-10-16,0,0
PHC-103,Antiseptic Solution,1886,126,882,2027-04-15,0,0
PHC-104,Insulin,1163,88,616,2027-02-22,0,0
PHC-104,Amoxicillin,1750,161,1127,2026-10-24,0,0
PHC-104,Antiseptic Solution,1420,102,714,2027-02-05,0,0
PHC-104,ORS,1540,123,861,2027-01-31,0,0
PHC-104,Iron Tablets,1192,110,770,2026-11-19,0,0
PHC-105,Cough Syrup,752,86,602,2027-01-09,0,0
PHC-105,IV Fluids,1329,120,840,2027-01-30,0,0
PHC-105,Iron Tablets,1678,200,1400,2027-06-22,0,0
PHC-105,Insulin,1870,145,1015,2026-11-18,0,0
PHC-105,ORS,1548,131,917,2027-05-23,0,0
PHC-105,Antiseptic Solution,1665,113,791,2026-12-05,0,0
PHC-105,Paracetamol,1608,142,994,2027-03-29,0,0
PHC-106,Cough Syrup,2135,166,1162,2026-10-18,0,0
PHC-106,Insulin,1203,97,679,2027-08-16,0,0
PHC-106,Iron Tablets,673,84,588,2027-01-02,0,0
PHC-106,Antiseptic Solution,1305,128,896,2026-11-03,0,0
PHC-106,Amoxicillin,710,78,546,2027-06-13,0,0
PHC-107,Paracetamol,1554,176,1232,2027-01-04,0,0
PHC-107,Cough Syrup,1432,98,686,2027-02-05,0,0
PHC-107,Iron Tablets,1626,123,861,2027-04-05,0,0
PHC-107,Insulin,914,83,581,2027-01-05,0,0
PHC-107,IV Fluids,1571,105,735,2027-02-13,0,0
PHC-108,Amoxicillin,1923,136,952,2026-11-28,0,0
PHC-108,Antiseptic Solution,735,72,504,2027-06-20,0,0
PHC-108,ORS,1438,160,1120,2026-11-20,0,0
PHC-108,Iron Tablets,1080,130,910,2026-11-26,0,0
PHC-108,Insulin,2496,177,1239,2027-02-12,0,0
PHC-109,Amoxicillin,2982,199,1393,2026-09-24,0,0
PHC-109,IV Fluids,2459,184,1288,2026-12-23,0,0
PHC-109,ORS,2253,156,1092,2027-01-26,0,0
PHC-109,Iron Tablets,2254,177,1239,2027-03-09,0,0
PHC-109,Antiseptic Solution,559,56,392,2026-11-23,0,0
PHC-109,Insulin,1592,150,1050,2026-11-15,0,0
PHC-109,Paracetamol,1198,132,924,2026-11-02,0,0
PHC-110,Cough Syrup,2328,164,1148,2027-05-23,0,0
PHC-110,Antiseptic Solution,1409,118,826,2027-04-26,0,0
PHC-110,Paracetamol,970,73,511,2027-03-29,0,0
PHC-110,Amoxicillin,1070,97,679,2027-04-28,0,0
PHC-110,ORS,604,73,511,2027-03-15,0,0
PHC-110,Insulin,2139,168,1176,2027-08-19,0,0
PHC-111,Iron Tablets,919,97,679,2026-11-01,0,0
PHC-111,Amoxicillin,1635,116,812,2026-11-15,0,0
PHC-111,Antiseptic Solution,1890,161,1127,2026-09-24,0,0
PHC-111,Insulin,1331,151,1057,2026-12-18,0,0
PHC-111,Cough Syrup,1930,172,1204,2027-04-17,0,0
PHC-111,IV Fluids,1760,174,1218,2027-08-03,0,0
PHC-111,ORS,1822,142,994,2027-04-12,0,0
PHC-111,Paracetamol,1093,127,889,2026-11-30,0,0
PHC-112,Paracetamol,1504,185,1295,2027-07-14,0,0
PHC-112,Insulin,1543,130,910,2027-02-06,0,0
PHC-112,IV Fluids,2218,156,1092,2026-11-20,0,0
PHC-112,Cough Syrup,2175,176,1232,2027-08-18,0,0
PHC-112,Iron Tablets,1537,138,966,2027-05-03,0,0
PHC-112,Antiseptic Solution,502,55,385,2026-12-29,0,0
PHC-112,Amoxicillin,1769,170,1190,2027-01-18,0,0
PHC-113,Insulin,816,61,427,2027-07-04,0,0
PHC-113,Antiseptic Solution,1684,118,826,2027-06-12,0,0
PHC-113,Amoxicillin,983,76,532,2027-05-04,0,0
PHC-113,Cough Syrup,2461,167,1169,2026-11-17,0,0
PHC-113,Iron Tablets,1037,77,539,2027-07-31,0,0
PHC-114,Antiseptic Solution,2658,182,1274,2026-11-04,0,0
PHC-114,IV Fluids,1387,136,952,2026-12-15,0,0
PHC-114,Iron Tablets,1357,161,1127,2026-10-10,0,0
PHC-114,Amoxicillin,1259,88,616,2026-10-21,0,0
PHC-114,Paracetamol,2709,183,1281,2027-04-24,0,0
PHC-114,ORS,2158,152,1064,2027-07-02,0,0
PHC-114,Insulin,1657,127,889,2027-03-01,0,0
PHC-114,Cough Syrup,1111,138,966,2027-02-12,0,0
PHC-115,Iron Tablets,1654,164,1148,2026-09-24,0,0
PHC-115,Cough Syrup,1721,166,1162,2027-01-20,0,0
PHC-115,Antiseptic Solution,2367,198,1386,2027-08-09,0,0
PHC-115,Amoxicillin,2587,186,1302,2027-01-19,0,0
PHC-115,Paracetamol,1403,139,973,2027-07-12,0,0
PHC-115,Insulin,1105,85,595,2027-06-15,0,0
PHC-115,IV Fluids,987,113,791,2027-06-13,0,0
PHC-116,Iron Tablets,1467,145,1015,2027-05-28,0,0
PHC-116,Paracetamol,294,114,798,2026-12-03,2622,2
PHC-116,Antiseptic Solution,1820,128,896,2027-01-10,0,0
PHC-116,ORS,506,192,1344,2027-05-30,0,0
PHC-116,IV Fluids,644,380,2660,2026-10-14,0,0
PHC-116,Cough Syrup,1992,196,1372,2027-05-11,0,0
PHC-116,Amoxicillin,1831,136,952,2027-05-23,0,0
PHC-117,Insulin,1842,152,1064,2027-05-31,0,0
PHC-117,ORS,570,55,385,2026-12-23,0,0
PHC-117,Cough Syrup,1274,156,1092,2027-06-19,0,0
PHC-117,Iron Tablets,1398,131,917,2026-11-07,0,0
PHC-117,Antiseptic Solution,1173,79,553,2027-06-26,0,0
PHC-117,Paracetamol,929,93,651,2026-12-24,0,0
PHC-117,IV Fluids,1538,115,805,2026-12-09,0,0
PHC-118,Insulin,5486,195,1365,2026-11-03,0,0
PHC-118,IV Fluids,4284,178,1246,2026-12-03,0,0
PHC-118,Iron Tablets,4467,145,1015,2026-12-17,0,0
PHC-118,ORS,3444,112,784,2027-04-26,0,0
PHC-118,Amoxicillin,5574,192,1344,2026-09-22,0,0
PHC-119,Cough Syrup,660,52,364,2027-04-21,0,0
PHC-119,Paracetamol,2739,192,1344,2027-05-30,0,0
PHC-119,Antiseptic Solution,1765,150,1050,2027-08-20,0,0
PHC-119,ORS,812,69,483,2027-05-07,0,0
PHC-119,IV Fluids,848,81,567,2027-04-02,0,0
PHC-119,Amoxicillin,1509,141,987,2026-09-26,0,0
PHC-119,Iron Tablets,910,81,567,2026-12-29,0,0
PHC-119,Insulin,1314,163,1141,2026-10-02,0,0
PHC-120,Antiseptic Solution,1062,120,840,2027-06-14,0,0
PHC-120,Paracetamol,1938,169,1183,2027-06-13,0,0
PHC-120,Insulin,865,61,427,2027-01-14,0,0
PHC-120,IV Fluids,616,62,434,2027-04-25,0,0
PHC-120,Amoxicillin,2072,186,1302,2026-09-24,0,0
PHC-120,ORS,1404,150,1050,2026-11-02,0,0
PHC-120,Cough Syrup,2676,196,1372,2027-01-15,0,0
PHC-121,ORS,911,74,518,2027-04-20,0,0
PHC-121,Paracetamol,1531,109,763,2027-08-07,0,0
PHC-121,Cough Syrup,581,52,364,2027-05-17,0,0
PHC-121,IV Fluids,2251,159,1113,2027-08-05,0,0
PHC-121,Iron Tablets,778,75,525,2026-10-05,0,0
PHC-121,Antiseptic Solution,1929,166,1162,2027-07-19,0,0
PHC-121,Amoxicillin,866,99,693,2026-09-28,0,0
PHC-121,Insulin,814,67,469,2026-12-30,0,0
PHC-122,Antiseptic Solution,1224,134,938,2027-05-12,0,0
PHC-122,Iron Tablets,688,60,420,2026-09-23,0,0
PHC-122,Cough Syrup,1375,107,749,2027-05-18,0,0
PHC-122,Amoxicillin,1006,104,728,2027-03-10,0,0
PHC-122,IV Fluids,1377,146,1022,2026-12-25,0,0
PHC-122,Insulin,537,51,357,2026-10-29,0,0
PHC-122,ORS,1157,141,987,2026-11-19,0,0
PHC-122,Paracetamol,862,86,602,2026-12-30,0,0
PHC-123,Insulin,1294,133,931,2027-08-10,0,0
PHC-123,IV Fluids,1707,121,847,2027-06-09,0,0
PHC-123,Iron Tablets,2825,199,1393,2027-01-07,0,0
PHC-123,Amoxicillin,944,70,490,2027-08-02,0,0
PHC-123,ORS,605,66,462,2027-04-08,0,0
PHC-124,Antiseptic Solution,1201,147,1029,2027-05-06,0,0
PHC-124,Insulin,1074,109,763,2026-10-30,0,0
PHC-124,IV Fluids,2017,141,987,2027-02-19,0,0
PHC-124,Cough Syrup,2062,178,1246,2027-08-17,0,0
PHC-124,Amoxicillin,945,70,490,2027-01-16,0,0
PHC-124,ORS,662,75,525,2027-03-25,0,0
PHC-124,Iron Tablets,697,59,413,2027-03-11,0,0
PHC-124,Paracetamol,1272,100,700,2027-01-28,0,0
PHC-125,Iron Tablets,1169,107,749,2027-04-16,0,0
PHC-125,Cough Syrup,1888,187,1309,2027-07-19,0,0
PHC-125,Paracetamol,658,55,385,2026-10-08,0,0
PHC-125,Insulin,771,85,595,2027-03-10,0,0
PHC-125,Amoxicillin,2419,195,1365,2027-07-27,0,0
PHC-125,ORS,2757,196,1372,2027-04-05,0,0
PHC-126,Amoxicillin,1558,171,1197,2027-07-13,0,0
PHC-126,IV Fluids,1562,129,903,2027-06-06,0,0
PHC-126,ORS,1657,167,1169,2026-09-25,0,0
PHC-126,Antiseptic Solution,956,86,602,2027-04-14,0,0
PHC-126,Insulin,1319,113,791,2027-07-10,0,0
PHC-126,Iron Tablets,1963,175,1225,2027-07-13,0,0
PHC-127,Paracetamol,1811,137,959,2026-12-30,0,0
PHC-127,Insulin,1247,151,1057,2027-01-28,0,0
PHC-127,Antiseptic Solution,1024,79,553,2026-11-30,0,0
PHC-127,Cough Syrup,1688,133,931,2027-05-17,0,0
PHC-127,IV Fluids,1953,174,1218,2026-11-03,0,0
PHC-127,ORS,2393,190,1330,2027-05-04,0,0
PHC-128,Paracetamol,764,92,644,2027-06-11,0,0
PHC-128,Antiseptic Solution,1055,77,539,2027-03-06,0,0
PHC-128,Amoxicillin,2390,193,1351,2027-08-07,0,0
PHC-128,ORS,1497,103,721,2027-04-12,0,0
PHC-128,IV Fluids,1406,159,1113,2027-01-09,0,0
PHC-128,Insulin,808,77,539,2026-12-19,0,0
PHC-128,Cough Syrup,573,53,371,2027-03-02,0,0
PHC-128,Iron Tablets,568,53,371,2027-05-14,0,0
PHC-129,Insulin,1666,145,1015,2027-01-03,0,0
PHC-129,Cough Syrup,935,88,616,2027-08-16,0,0
PHC-129,Antiseptic Solution,570,59,413,2027-07-25,0,0
PHC-129,ORS,2147,163,1141,2027-03-09,0,0
PHC-129,Paracetamol,835,84,588,2027-08-17,0,0
PHC-129,IV Fluids,698,60,420,2027-04-22,0,0
PHC-129,Amoxicillin,1630,123,861,2027-01-17,0,0
PHC-130,Iron Tablets,1339,146,1022,2027-05-05,0,0
PHC-130,IV Fluids,1822,158,1106,2027-05-01,0,0
PHC-130,Insulin,1222,89,623,2027-05-26,0,0
PHC-130,Paracetamol,733,55,385,2027-04-28,0,0
PHC-130,Amoxicillin,945,71,497,2027-02-22,0,0
PHC-130,ORS,1696,187,1309,2026-12-20,0,0
PHC-131,Antiseptic Solution,2425,166,1162,2026-12-06,0,0
PHC-131,Paracetamol,1119,115,805,2027-07-15,0,0
PHC-131,Amoxicillin,735,91,637,2026-11-08,0,0
PHC-131,IV Fluids,1595,148,1036,2027-07-19,0,0
PHC-131,ORS,814,70,490,2026-12-27,0,0
PHC-131,Insulin,1447,158,1106,2027-04-28,0,0
PHC-132,Amoxicillin,2006,162,1134,2027-08-07,0,0
PHC-132,IV Fluids,1084,77,539,2026-12-16,0,0
PHC-132,ORS,703,70,490,2027-04-03,0,0
PHC-132,Antiseptic Solution,804,81,567,2027-03-16,0,0
PHC-132,Insulin,689,57,399,2027-05-24,0,0
PHC-133,Paracetamol,626,266,1862,2027-01-19,5852,3
PHC-133,Cough Syrup,1528,139,973,2027-05-23,0,0
PHC-133,Amoxicillin,985,75,525,2027-02-19,0,0
PHC-133,Antiseptic Solution,1285,99,693,2027-06-15,0,0
PHC-133,IV Fluids,1007,392,2744,2027-06-07,0,0
PHC-133,Iron Tablets,2403,177,1239,2027-02-23,0,0
PHC-134,Cough Syrup,2072,196,1372,2027-03-01,0,0
PHC-134,Antiseptic Solution,1769,147,1029,2026-09-22,0,0
PHC-134,Iron Tablets,1087,129,903,2027-06-23,0,0
PHC-134,ORS,1365,98,686,2027-04-26,0,0
PHC-134,Paracetamol,1755,131,917,2026-11-25,0,0
PHC-135,Cough Syrup,1277,99,693,2027-06-29,0,0
PHC-135,IV Fluids,1302,150,1050,2027-03-06,0,0
PHC-135,Insulin,2784,198,1386,2026-10-19,0,0
PHC-135,Antiseptic Solution,1422,127,889,2026-12-14,0,0
PHC-135,Paracetamol,1765,197,1379,2027-05-27,0,0
PHC-135,Amoxicillin,1770,124,868,2027-01-07,0,0
PHC-135,ORS,1431,105,735,2026-12-31,0,0
PHC-135,Iron Tablets,547,52,364,2027-07-13,0,0
PHC-136,Insulin,4393,148,1036,2027-08-18,0,0
PHC-136,Paracetamol,4180,161,1127,2026-11-25,0,0
PHC-136,Iron Tablets,1987,75,525,2027-06-24,0,0
PHC-136,Cough Syrup,2726,97,679,2026-10-02,0,0
PHC-136,Antiseptic Solution,4668,150,1050,2027-06-23,0,0
PHC-136,ORS,5507,185,1295,2027-06-14,0,0
PHC-136,IV Fluids,6125,199,1393,2027-08-21,0,0
PHC-136,Amoxicillin,2840,81,567,2027-01-06,0,0
PHC-137,Insulin,1816,191,1337,2027-03-24,0,0
PHC-137,ORS,1076,121,847,2027-08-06,0,0
PHC-137,Amoxicillin,1346,158,1106,2027-01-30,0,0
PHC-137,IV Fluids,1238,116,812,2026-12-14,0,0
PHC-137,Iron Tablets,1701,152,1064,2027-01-30,0,0
PHC-138,ORS,866,74,518,2027-07-11,0,0
PHC-138,Antiseptic Solution,1447,122,854,2027-07-30,0,0
PHC-138,Iron Tablets,1070,75,525,2026-12-18,0,0
PHC-138,Amoxicillin,1915,131,917,2027-04-09,0,0
PHC-138,Insulin,999,96,672,2027-06-21,0,0
PHC-139,ORS,2040,52,364,2027-04-27,0,0
PHC-139,Cough Syrup,6956,180,1260,2026-11-30,0,0
PHC-139,Amoxicillin,5152,172,1204,2027-06-21,0,0
PHC-139,Iron Tablets,2276,81,567,2027-08-03,0,0
PHC-139,Insulin,3745,98,686,2026-09-25,0,0
PHC-140,Antiseptic Solution,627,51,357,2027-03-09,0,0
PHC-140,Iron Tablets,1320,126,882,2026-09-24,0,0
PHC-140,Insulin,1978,139,973,2026-12-26,0,0
PHC-140,Paracetamol,1593,152,1064,2026-11-12,0,0
PHC-140,Amoxicillin,1831,160,1120,2026-11-04,0,0
PHC-141,IV Fluids,1441,178,1246,2027-01-21,0,0
PHC-141,ORS,803,63,441,2027-03-16,0,0
PHC-141,Paracetamol,2358,159,1113,2026-09-26,0,0
PHC-141,Cough Syrup,1829,161,1127,2027-02-13,0,0
PHC-141,Iron Tablets,1492,174,1218,2027-04-29,0,0
PHC-141,Insulin,1392,113,791,2027-06-10,0,0
PHC-141,Amoxicillin,945,97,679,2026-11-19,0,0
PHC-141,Antiseptic Solution,1750,117,819,2027-01-26,0,0
PHC-142,Iron Tablets,1367,135,945,2026-11-10,0,0
PHC-142,Antiseptic Solution,677,53,371,2026-11-27,0,0
PHC-142,Paracetamol,461,268,1876,2027-03-26,7504,10
PHC-142,Insulin,1401,145,1015,2027-02-10,0,0
PHC-142,ORS,446,206,1442,2026-11-05,2884,3
PHC-142,IV Fluids,260,120,840,2027-08-23,1920,9
PHC-142,Amoxicillin,639,75,525,2027-06-28,0,0
PHC-142,Cough Syrup,1385,137,959,2027-05-22,0,0
PHC-143,Insulin,1805,184,1288,2027-01-12,0,0
PHC-143,Iron Tablets,1619,125,875,2027-07-01,0,0
PHC-143,Cough Syrup,735,80,560,2026-10-15,0,0
PHC-143,Paracetamol,1798,186,1302,2026-10-12,0,0
PHC-143,Antiseptic Solution,1269,87,609,2027-02-11,0,0
PHC-143,Amoxicillin,831,84,588,2026-10-18,0,0
PHC-144,Amoxicillin,1631,176,1232,2026-12-25,0,0
PHC-144,Insulin,885,95,665,2027-05-31,0,0
PHC-144,ORS,1203,96,672,2026-10-02,0,0
PHC-144,IV Fluids,1179,129,903,2026-12-21,0,0
PHC-144,Antiseptic Solution,1921,150,1050,2026-12-27,0,0
PHC-144,Paracetamol,603,67,469,2027-04-28,0,0
PHC-144,Cough Syrup,1252,112,784,2027-08-18,0,0
PHC-144,Iron Tablets,1331,153,1071,2027-06-18,0,0
PHC-145,Amoxicillin,1762,140,980,2027-01-15,0,0
PHC-145,Paracetamol,1895,148,1036,2026-11-18,0,0
PHC-145,ORS,1607,175,1225,2026-11-17,0,0
PHC-145,IV Fluids,932,107,749,2027-02-13,0,0
PHC-145,Cough Syrup,1203,141,987,2027-03-11,0,0
PHC-145,Insulin,841,80,560,2026-11-04,0,0
PHC-145,Antiseptic Solution,746,61,427,2026-12-22,0,0
PHC-145,Iron Tablets,1862,159,1113,2027-07-26,0,0
PHC-146,IV Fluids,2571,187,1309,2027-04-06,0,0
PHC-146,Insulin,856,71,497,2027-04-25,0,0
PHC-146,Iron Tablets,2216,184,1288,2027-01-12,0,0
PHC-146,Antiseptic Solution,694,72,504,2026-09-23,0,0
PHC-146,Cough Syrup,1525,102,714,2026-09-30,0,0
PHC-146,Amoxicillin,1691,142,994,2026-11-29,0,0
PHC-147,Amoxicillin,1363,53,371,2026-12-10,0,0
PHC-147,Cough Syrup,2445,65,455,2026-10-08,0,0
PHC-147,Iron Tablets,2826,94,658,2026-09-27,0,0
PHC-147,Antiseptic Solution,5534,151,1057,2027-05-12,0,0
PHC-147,Insulin,6537,191,1337,2027-02-01,0,0
PHC-147,ORS,5887,196,1372,2027-01-16,0,0
PHC-147,IV Fluids,6103,158,1106,2027-02-08,0,0
PHC-147,Paracetamol,2221,73,511,2026-11-25,0,0
PHC-148,Paracetamol,1124,130,910,2027-02-27,0,0
PHC-148,Iron Tablets,772,52,364,2027-02-13,0,0
PHC-148,Insulin,1736,151,1057,2027-03-02,0,0
PHC-148,Antiseptic Solution,1961,150,1050,2026-11-27,0,0
PHC-148,IV Fluids,763,74,518,2027-06-06,0,0
PHC-149,ORS,771,91,637,2027-07-14,0,0
PHC-149,Insulin,1497,143,1001,2026-10-28,0,0
PHC-149,Paracetamol,1232,95,665,2027-05-15,0,0
PHC-149,IV Fluids,1728,116,812,2027-01-31,0,0
PHC-149,Amoxicillin,2045,163,1141,2026-12-02,0,0
PHC-149,Cough Syrup,1198,81,567,2027-05-29,0,0
PHC-149,Antiseptic Solution,632,60,420,2027-02-15,0,0
PHC-150,Cough Syrup,1353,121,847,2027-06-28,0,0
PHC-150,Paracetamol,1302,89,623,2026-12-05,0,0
PHC-150,Amoxicillin,1065,104,728,2026-10-08,0,0
PHC-150,Antiseptic Solution,1240,147,1029,2027-03-26,0,0
PHC-150,Insulin,2375,160,1120,2027-01-09,0,0
PHC-150,IV Fluids,597,63,441,2026-10-03,0,0
PHC-150,ORS,1562,158,1106,2027-08-13,0,0
PHC-150,Iron Tablets,815,95,665,2026-10-27,0,0
